{
    "confidence_score": 0.9443290829658508,
    "ptm": 0.9427399039268494,
    "iptm": 0.9362483024597168,
    "ligand_iptm": 0.0,
    "protein_iptm": 0.9362483024597168,
    "complex_plddt": 0.9463493227958679,
    "complex_iplddt": 0.9427101612091064,
    "complex_pde": 0.36156103014945984,
    "complex_ipde": 0.7577593326568604,
    "chains_ptm": {
        "0": 0.9913232922554016,
        "1": 0.962826132774353,
        "2": 0.9384790658950806,
        "3": 0.9907923340797424,
        "4": 0.9889044761657715
    },
    "pair_chains_iptm": {
        "0": {
            "0": 0.9913232922554016,
            "1": 0.9910451173782349,
            "2": 0.9792267680168152,
            "3": 0.9745453000068665,
            "4": 0.9647877216339111
        },
        "1": {
            "0": 0.8957889080047607,
            "1": 0.962826132774353,
            "2": 0.9614901542663574,
            "3": 0.9027157425880432,
            "4": 0.8684847354888916
        },
        "2": {
            "0": 0.8332465291023254,
            "1": 0.9233986139297485,
            "2": 0.9384790658950806,
            "3": 0.8302673101425171,
            "4": 0.7888501286506653
        },
        "3": {
            "0": 0.911811888217926,
            "1": 0.9543382525444031,
            "2": 0.9116356372833252,
            "3": 0.9907923340797424,
            "4": 0.9681872129440308
        },
        "4": {
            "0": 0.9010617136955261,
            "1": 0.9315906763076782,
            "2": 0.8959503769874573,
            "3": 0.9697573781013489,
            "4": 0.9889044761657715
        }
    }
}