{
    "confidence_score": 0.9424058794975281,
    "ptm": 0.9288044571876526,
    "iptm": 0.9247862696647644,
    "ligand_iptm": 0.0,
    "protein_iptm": 0.9247862696647644,
    "complex_plddt": 0.9468108415603638,
    "complex_iplddt": 0.9466622471809387,
    "complex_pde": 0.3897029757499695,
    "complex_ipde": 0.928023099899292,
    "chains_ptm": {
        "0": 0.9867609143257141,
        "1": 0.9585052132606506,
        "2": 0.9114283323287964,
        "3": 0.9889715909957886,
        "4": 0.9869573712348938
    },
    "pair_chains_iptm": {
        "0": {
            "0": 0.9867609143257141,
            "1": 0.9888046979904175,
            "2": 0.975464940071106,
            "3": 0.9672445058822632,
            "4": 0.9536866545677185
        },
        "1": {
            "0": 0.8696045279502869,
            "1": 0.9585052132606506,
            "2": 0.9567767977714539,
            "3": 0.8805516958236694,
            "4": 0.8378076553344727
        },
        "2": {
            "0": 0.7869408130645752,
            "1": 0.8963537216186523,
            "2": 0.9114283323287964,
            "3": 0.7881795763969421,
            "4": 0.7370176911354065
        },
        "3": {
            "0": 0.8834400773048401,
            "1": 0.940921425819397,
            "2": 0.8944410085678101,
            "3": 0.9889715909957886,
            "4": 0.9619510769844055
        },
        "4": {
            "0": 0.8770785927772522,
            "1": 0.9097917675971985,
            "2": 0.8732239007949829,
            "3": 0.9634957909584045,
            "4": 0.9869573712348938
        }
    }
}