seed,sample,ranking_score
1,0,0.7214716645075486
2,0,0.6094527213600646
